method,success,fails,cycles,Min_Time_Per_Cycle,Avg_Time_Per_Cycle,Max_Time_Per_Cycle,timeSpent,Min_Attempts_Taken,Avg_Attempts_Taken,Max_Attempts_Taken,Min_CPU_frequency,Avg_CPU_frequency,Max_CPU_frequency,Min_CPU_percentage,Avg_CPU_percentage,Max_CPU_percentage,Min_RAM_Bytes,Avg_RAM_bytes,Max_RAM_Bytes,Min_RAM_percentage,Avg_RAM_percentage,Max_RAM_percentage,SaveID,ML_Range
Machine Learning without Training,17,4983,5000,0.303499698638916,0.747466221666336,1.7804992198944092,3737.3311083316803,1,1.0,1,3701.0,3701.0,3701.0,0.0,6.383800000000012,22.400000000000002,0,48639.1808,243195904,0,0.00014000000000000056,0.7000000000000028,5000:1,10000
Machine Learning without Training,17,4983,5000,0.2650001049041748,0.7466810136318207,1.629499912261963,3733.4050681591034,1,1.0,1,3701.0,3701.0,3701.0,-7.6,-3.8220400000000074,9.5,0,50206.3104,251031552,0,0.00016000000000000085,0.8000000000000043,5000:2,10000
Machine Learning without Training,16,4984,5000,0.28100061416625977,0.7482940472126007,1.5965003967285156,3741.4702360630035,1,1.0,1,3701.0,3701.0,3701.0,-1.0,3.278299999999998,16.700000000000003,0,138975.6416,694878208,0,0.0004,2.0,5000:3,10000
Machine Learning without Training,14,4986,5000,0.2739987373352051,0.7543392662525177,1.6390011310577393,3771.6963312625885,1,1.0,1,3701.0,3701.0,3701.0,-10.2,-5.956440000000011,5.0,0,97248.8704,486244352,0,0.0002799999999999997,1.3999999999999986,5000:4,10000
Machine Learning without Training,10,4990,5000,0.27049922943115234,0.7580728376865387,1.7049994468688965,3790.3641884326935,1,1.0,1,3701.0,3701.0,3701.0,-5.6000000000000005,-1.6635400000000118,10.700000000000001,0,155573.4528,777867264,0,0.0004600000000000008,2.3000000000000043,5000:5,10000
